{"cameraMode":{"drawMode":0,"name":"Shaded","section":"Shading Mode"},"sceneLighting":false,"audioPlay":false,"sceneViewState":{"showFog":true,"showMaterialUpdate":false,"showSkybox":false,"showFlares":true,"showImageEffects":true,"showParticleSystems":true},"in2DMode":false,"pivot":{"x":0.8180818557739258,"y":0.5537638664245606,"z":0.1977156400680542},"rotation":{"x":0.11183831840753555,"y":0.7379060983657837,"z":-0.1262868195772171,"w":0.6534818410873413},"size":5.556939601898193,"orthographic":false}