{"cameraMode":{"drawMode":0,"name":"Shaded","section":"Shading Mode"},"sceneLighting":false,"audioPlay":false,"sceneViewState":{"showFog":true,"showMaterialUpdate":false,"showSkybox":false,"showFlares":true,"showImageEffects":true,"showParticleSystems":true},"in2DMode":false,"pivot":{"x":0.0,"y":1.6399999856948853,"z":-0.6507185697555542},"rotation":{"x":-0.26917651295661929,"y":-0.22448648512363435,"z":0.06467361003160477,"w":-0.9343271255493164},"size":2.421922206878662,"orthographic":false}